﻿<?xml version="1.0" encoding="utf-8" standalone="no"?>
<vehicle type="JD6350">
    <annotation>Copyright (C) GIANTS Software GmbH, All Rights Reserved.</annotation>
    <storeData>
        <name>            <en>3x50 Series</en>
        </name>
        <specs>
            <power>116</power>
            <maxSpeed>40</maxSpeed>
        </specs>
        <functions>
            <function>$l10n_function_tractor</function>
        </functions>
        <image>Texture/store.dds</image>
        <price>15000</price>
        <lifetime>600</lifetime>
        <rotation>0</rotation>
        <brand>JOHNDEERE</brand>
        <category>tractorsS</category>
        <vertexBufferMemoryUsage>1756048</vertexBufferMemoryUsage>
        <indexBufferMemoryUsage>301140</indexBufferMemoryUsage>
        <textureMemoryUsage>18918376</textureMemoryUsage>
        <instanceVertexBufferMemoryUsage>0</instanceVertexBufferMemoryUsage>
        <instanceIndexBufferMemoryUsage>0</instanceIndexBufferMemoryUsage>
    </storeData>
    <base>
        <filename>JohnDeere_3x50Series.i3d</filename>
        <size width="3" length="5"/>
        <components>
            <component centerOfMass="0 0.8 -0.08" solverIterationCount="20" mass="3560" />
            <component centerOfMass="0 0.0 0"  solverIterationCount="20" mass="1210" />
            <joint component1="1" component2="2" node="frontAxisJoint" rotLimit="0 0 10" rotLimitSpring="0 0 4000" rotLimitDamping="0 0 75" maxRotDriveForce="0 0 20" rotDriveRotation="0 0 0" rotDriveSpring="0 0 30" rotDriveDamping="0 0 20" breakable="false"/>
        </components>
        <schemaOverlay attacherJointPosition="0.5 0">
            <default name="DEFAULT_VEHICLE"/>
            <selected name="DEFAULT_VEHICLE_SELECTED"/>
        </schemaOverlay>
    </base>
    
    
	<wheels>
        <wheelConfigurations>
            <wheelConfiguration name="$l10n_configuration_valueDefault" price="0" brand="TRELLEBORG">
                <wheels autoRotateBackSpeed="2.2">
                    <wheel filename="$data/shared/wheels/trelleborg/TM700/420_70R28.xml" isLeft="true" hasTireTracks="true" hasParticles="true" >
                        <physics rotSpeed="1" restLoad="1.4" repr="axisFrontLeft"  driveNode="wheelFrontLeft"  forcePointRatio="0.5" initialCompression="25" suspTravel="0.14" spring="36" damper="30" />
                    </wheel>
                    <wheel filename="$data/shared/wheels/trelleborg/TM700/420_70R28.xml" isLeft="false" hasTireTracks="true" hasParticles="true">
                        <physics rotSpeed="1" restLoad="1.4" repr="axisFrontRight" driveNode="wheelFrontRight" forcePointRatio="0.5" initialCompression="25" suspTravel="0.14" spring="36" damper="30" />
                    </wheel>
                    <wheel filename="$data/shared/wheels/trelleborg/TM700/520_70R38.xml" isLeft="true" hasTireTracks="true" hasParticles="true">
                        <physics rotSpeed="0" restLoad="1.4" repr="wheelBackLeft"  forcePointRatio="0.5" initialCompression="20" suspTravel="0.24" spring="24" damper="30" />
                    </wheel>
                    <wheel filename="$data/shared/wheels/trelleborg/TM700/520_70R38.xml" isLeft="false" hasTireTracks="true" hasParticles="true">
                        <physics rotSpeed="0" restLoad="1.4" repr="wheelBackRight" forcePointRatio="0.5" initialCompression="20" suspTravel="0.24" spring="24" damper="30" />
                    </wheel>
                    <foliageBendingModifier index="1" minX="-1.15" maxX="1.15" />
                    <foliageBendingModifier index="2" minX="-1.2" maxX="1.2" />
                </wheels>
            </wheelConfiguration>
            <wheelConfiguration name="$l10n_configuration_valueWheelBroad" price="2000" brand="TRELLEBORG">
                <wheels autoRotateBackSpeed="2.2">
                    <wheel filename="$data/shared/wheels/trelleborg/TM800/540_65R28.xml" isLeft="true" hasTireTracks="true" hasParticles="true" >
                        <physics rotSpeed="1" restLoad="1.4" repr="axisFrontLeft"  driveNode="wheelFrontLeft"  forcePointRatio="0.5" initialCompression="25" suspTravel="0.11" spring="45" damper="30" />
                    </wheel>
                    <wheel filename="$data/shared/wheels/trelleborg/TM800/540_65R28.xml" isLeft="false" hasTireTracks="true" hasParticles="true">
                        <physics rotSpeed="1" restLoad="1.4" repr="axisFrontRight" driveNode="wheelFrontRight" forcePointRatio="0.5" initialCompression="25" suspTravel="0.11" spring="45" damper="30" />
                    </wheel>
                    <wheel filename="$data/shared/wheels/trelleborg/TM800/650_65R38.xml" isLeft="true" hasTireTracks="true" hasParticles="true">
                        <physics rotSpeed="0" restLoad="1.4" repr="wheelBackLeft"  forcePointRatio="0.5" initialCompression="20" suspTravel="0.16" spring="35" damper="30" />
                    </wheel>
                    <wheel filename="$data/shared/wheels/trelleborg/TM800/650_65R38.xml" isLeft="false" hasTireTracks="true" hasParticles="true">
                        <physics rotSpeed="0" restLoad="1.4" repr="wheelBackRight" forcePointRatio="0.5" initialCompression="20" suspTravel="0.16" spring="35" damper="30" />
                    </wheel>
                    <foliageBendingModifier index="1" minX="-1.2" maxX="1.2" />
                    <foliageBendingModifier index="2" minX="-1.25" maxX="1.25" />
                </wheels>
            </wheelConfiguration>
            <wheelConfiguration name="$l10n_configuration_valueWheelNarrow" price="1000" brand="TRELLEBORG">
                <wheels autoRotateBackSpeed="2.2">
                    <wheel filename="$data/shared/wheels/trelleborg/TM100/270_95R32.xml" isLeft="true" hasTireTracks="true" hasParticles="true" >
                        <physics rotSpeed="1" restLoad="1.4" repr="axisFrontLeft"  driveNode="wheelFrontLeft"  forcePointRatio="0.5" initialCompression="25" suspTravel="0.12" spring="42" damper="30" />
                    </wheel>
                    <wheel filename="$data/shared/wheels/trelleborg/TM100/270_95R32.xml" isLeft="false" hasTireTracks="true" hasParticles="true" >
                        <physics rotSpeed="1" restLoad="1.4" repr="axisFrontRight" driveNode="wheelFrontRight" forcePointRatio="0.5" initialCompression="25" suspTravel="0.12" spring="42" damper="30" />
                    </wheel>
                    <wheel filename="$data/shared/wheels/trelleborg/TM100/270_95R48.xml" isLeft="true" hasTireTracks="true" hasParticles="true" >
                        <physics rotSpeed="0" restLoad="1.3" repr="wheelBackLeft"  forcePointRatio="0.5" initialCompression="20" suspTravel="0.18" spring="31" damper="30" />
                    </wheel>
                    <wheel filename="$data/shared/wheels/trelleborg/TM100/270_95R48.xml" isLeft="false" hasTireTracks="true" hasParticles="true" >
                        <physics rotSpeed="0" restLoad="1.3" repr="wheelBackRight" forcePointRatio="0.5" initialCompression="20" suspTravel="0.18" spring="31" damper="30" />
                    </wheel>
                </wheels>
            </wheelConfiguration>
            <wheelConfiguration name="$l10n_configuration_valueWheelCommunal" price="1000" brand="NOKIAN">
                <wheels autoRotateBackSpeed="2.2">
                    <wheel filename="$data/shared/wheels/nokian/TRI2/500_70R24.xml" isLeft="true" hasTireTracks="true" hasParticles="true" >
                        <physics rotSpeed="1" restLoad="1.4" repr="axisFrontLeft"  driveNode="wheelFrontLeft"  forcePointRatio="0.5" initialCompression="25" suspTravel="0.15" spring="33" damper="30" />
                    </wheel>
                    <wheel filename="$data/shared/wheels/nokian/TRI2/500_70R24.xml" isLeft="false" hasTireTracks="true" hasParticles="true">
                        <physics rotSpeed="1" restLoad="1.4" repr="axisFrontRight" driveNode="wheelFrontRight" forcePointRatio="0.5" initialCompression="25" suspTravel="0.15" spring="33" damper="30" />
                    </wheel>
                    <wheel filename="$data/shared/wheels/nokian/TRI2/600_65R38.xml" isLeft="true" hasTireTracks="true" hasParticles="true">
                        <physics rotSpeed="0" restLoad="1.4" repr="wheelBackLeft"  forcePointRatio="0.5" initialCompression="20" suspTravel="0.20" spring="28" damper="30" />
                    </wheel>
                    <wheel filename="$data/shared/wheels/nokian/TRI2/600_65R38.xml" isLeft="false" hasTireTracks="true" hasParticles="true">
                        <physics rotSpeed="0" restLoad="1.4" repr="wheelBackRight" forcePointRatio="0.5" initialCompression="20" suspTravel="0.20" spring="28" damper="30" />
                    </wheel>
                    <foliageBendingModifier index="1" minX="-1.2" maxX="1.2" />
                    <foliageBendingModifier index="2" minX="-1.25" maxX="1.25" />
                </wheels>
            </wheelConfiguration>
            <wheelConfiguration name="$l10n_configuration_valueTwinWheelsBack" price="4000" brand="TRELLEBORG">
                <wheels autoRotateBackSpeed="2.2">
                    <wheel filename="$data/shared/wheels/trelleborg/TM700/420_70R28.xml" isLeft="true" hasTireTracks="true" hasParticles="true" >
                        <physics rotSpeed="1" restLoad="1.4" repr="axisFrontLeft"  driveNode="wheelFrontLeft"  forcePointRatio="0.5" initialCompression="25" suspTravel="0.14" spring="36" damper="30" />
                    </wheel>
                    <wheel filename="$data/shared/wheels/trelleborg/TM700/420_70R28.xml" isLeft="false" hasTireTracks="true" hasParticles="true">
                        <physics rotSpeed="1" restLoad="1.4" repr="axisFrontRight" driveNode="wheelFrontRight" forcePointRatio="0.5" initialCompression="25" suspTravel="0.14" spring="36" damper="30" />
                    </wheel>
                    <wheel filename="$data/shared/wheels/trelleborg/TM700/520_70R38.xml" isLeft="true" hasTireTracks="true" hasParticles="true">
                        <physics rotSpeed="0" restLoad="1.6" repr="wheelBackLeft"  forcePointRatio="0.5" initialCompression="20" suspTravel="0.24" spring="24" damper="30" />
                        <additionalWheel filename="$data/shared/wheels/trelleborg/TM700/520_70R38.xml" configId="dual" offset="0.2" >
                            <connector filename="$data/shared/wheels/rims/dual001_2.xml" />
                        </additionalWheel>
                    </wheel>
                    <wheel filename="$data/shared/wheels/trelleborg/TM700/520_70R38.xml" isLeft="false" hasTireTracks="true" hasParticles="true">
                        <physics rotSpeed="0" restLoad="1.6" repr="wheelBackRight" forcePointRatio="0.5" initialCompression="20" suspTravel="0.24" spring="24" damper="30" />
                        <additionalWheel filename="$data/shared/wheels/trelleborg/TM700/520_70R38.xml" configId="dual" offset="0.2" >
                            <connector filename="$data/shared/wheels/rims/dual001_2.xml" />
                        </additionalWheel>
                    </wheel>
                    <foliageBendingModifier index="1" minX="-1.15" maxX="1.15" />
                    <foliageBendingModifier index="2" minX="-1.8" maxX="1.8" />
                </wheels>
            </wheelConfiguration>
            <wheelConfiguration name="$l10n_configuration_valueTwinWheelsBackNarrow" price="1000" brand="TRELLEBORG">
                <wheels autoRotateBackSpeed="2.2">
                    <wheel filename="$data/shared/wheels/trelleborg/TM700/420_70R28.xml" isLeft="true" hasTireTracks="true" hasParticles="true" >
                        <physics rotSpeed="1" restLoad="1.4" repr="axisFrontLeft"  driveNode="wheelFrontLeft"  forcePointRatio="0.5" initialCompression="25" suspTravel="0.14" spring="36" damper="30" />
                    </wheel>
                    <wheel filename="$data/shared/wheels/trelleborg/TM700/420_70R28.xml" isLeft="false" hasTireTracks="true" hasParticles="true">
                        <physics rotSpeed="1" restLoad="1.4" repr="axisFrontRight" driveNode="wheelFrontRight" forcePointRatio="0.5" initialCompression="25" suspTravel="0.14" spring="36" damper="30" />
                    </wheel>
                    <wheel filename="$data/shared/wheels/trelleborg/TM700/520_70R38.xml" isLeft="true" hasTireTracks="true" hasParticles="true">
                        <physics rotSpeed="0" restLoad="1.5" repr="wheelBackLeft"  forcePointRatio="0.5" initialCompression="20" suspTravel="0.24" spring="24" damper="30" />
                        <additionalWheel filename="$data/shared/wheels/trelleborg/TM100/270_95R48.xml" configId="dual" offset="0.13" >
                            <connector filename="$data/shared/wheels/rims/dual001_3.xml" distance="2"/>
                        </additionalWheel>
                    </wheel>
                    <wheel filename="$data/shared/wheels/trelleborg/TM700/520_70R38.xml" isLeft="false" hasTireTracks="true" hasParticles="true">
                        <physics rotSpeed="0" restLoad="1.5" repr="wheelBackRight" forcePointRatio="0.5" initialCompression="20" suspTravel="0.24" spring="24" damper="30" />
                        <additionalWheel filename="$data/shared/wheels/trelleborg/TM100/270_95R48.xml" configId="dual" offset="0.13" >
                            <connector filename="$data/shared/wheels/rims/dual001_3.xml" distance="2"/>
                        </additionalWheel>
                    </wheel>
                    <foliageBendingModifier index="1" minX="-1.15" maxX="1.15" />
                    <foliageBendingModifier index="2" minX="-1.5" maxX="1.5" />
                </wheels>
            </wheelConfiguration>
            <wheelConfiguration name="$l10n_configuration_valueTwinWheelsAll" price="6000" brand="TRELLEBORG">
                <wheels autoRotateBackSpeed="2.2">
                    <wheel filename="$data/shared/wheels/trelleborg/TM700/420_70R28.xml" isLeft="true" hasTireTracks="true" hasParticles="true" >
                        <physics rotSpeed="1" restLoad="1.6" repr="axisFrontLeft"  driveNode="wheelFrontLeft"  forcePointRatio="0.5" initialCompression="25" suspTravel="0.14" spring="36" damper="30" />
                        <additionalWheel filename="$data/shared/wheels/trelleborg/TM700/420_70R28.xml" configId="dual" offset="0.15" >
                            <connector filename="$data/shared/wheels/rims/dual001_2.xml" />
                        </additionalWheel>
                    </wheel>
                    <wheel filename="$data/shared/wheels/trelleborg/TM700/420_70R28.xml" isLeft="false" hasTireTracks="true" hasParticles="true">
                        <physics rotSpeed="1" restLoad="1.6" repr="axisFrontRight" driveNode="wheelFrontRight" forcePointRatio="0.5" initialCompression="25" suspTravel="0.14" spring="36" damper="30" />
                        <additionalWheel filename="$data/shared/wheels/trelleborg/TM700/420_70R28.xml" configId="dual" offset="0.15" >
                            <connector filename="$data/shared/wheels/rims/dual001_2.xml" />
                        </additionalWheel>
                    </wheel>
                    <wheel filename="$data/shared/wheels/trelleborg/TM700/520_70R38.xml" isLeft="true" hasTireTracks="true" hasParticles="true">
                        <physics rotSpeed="0" restLoad="1.6" repr="wheelBackLeft"  forcePointRatio="0.5" initialCompression="20" suspTravel="0.24" spring="24" damper="30" />
                        <additionalWheel filename="$data/shared/wheels/trelleborg/TM700/520_70R38.xml" configId="dual" offset="0.2" >
                            <connector filename="$data/shared/wheels/rims/dual001_2.xml" />
                        </additionalWheel>
                    </wheel>
                    <wheel filename="$data/shared/wheels/trelleborg/TM700/520_70R38.xml" isLeft="false" hasTireTracks="true" hasParticles="true">
                        <physics rotSpeed="0" restLoad="1.6" repr="wheelBackRight" forcePointRatio="0.5" initialCompression="20" suspTravel="0.24" spring="24" damper="30" />
                        <additionalWheel filename="$data/shared/wheels/trelleborg/TM700/520_70R38.xml" configId="dual" offset="0.2" >
                            <connector filename="$data/shared/wheels/rims/dual001_2.xml" />
                        </additionalWheel>
                    </wheel>
                    <foliageBendingModifier index="1" minX="-1.65" maxX="1.65" />
                    <foliageBendingModifier index="2" minX="-1.8" maxX="1.8" />
                </wheels>
            </wheelConfiguration>
        </wheelConfigurations>

        <ackermannSteeringConfigurations>
            <ackermannSteering rotSpeed="40" rotMax="40" rotCenterWheel1="3" rotCenterWheel2="4" />
            <ackermannSteering rotSpeed="40" rotMax="40" rotCenterWheel1="3" rotCenterWheel2="4" />
            <ackermannSteering rotSpeed="40" rotMax="30" rotCenterWheel1="3" rotCenterWheel2="4" />
        </ackermannSteeringConfigurations>

        <rimColor>JOHNDEERE_YELLOW1</rimColor>

        <hubs>
            <color0>JOHNDEERE_YELLOW1</color0>
            <color1>1 1 1 2.5</color1>
            <hub linkNode="wheelFrontLeft"  filename="$data/shared/wheels/hubs/hub_n10_2.xml"  isLeft="true"  scale="0.33 0.33 0.33" offset="0.01 0.0 0.0"/>
            <hub linkNode="wheelFrontRight" filename="$data/shared/wheels/hubs/hub_n10_2.xml"  isLeft="false" scale="0.33 0.33 0.33" offset="0.01 0.0 0.0"/>
            <hub linkNode="wheelBackLeft"   filename="$data/shared/wheels/hubs/hub_n8_2.xml" isLeft="true"  scale="0.33 0.33 0.33" />
            <hub linkNode="wheelBackRight"  filename="$data/shared/wheels/hubs/hub_n8_2.xml" isLeft="false" scale="0.33 0.33 0.33" />
        </hubs>
    </wheels>
	
	<speedRotatingParts>
        <speedRotatingPart node="ptoPartFrontLeft" radius="0.15"/>
        <speedRotatingPart node="ptoPartFrontRight" radius="0.15"/>
    </speedRotatingParts>
	
    <attachable>
        <airConsumer usage="1500"/>
    </attachable>
    <attacherJoints comboDuration="1">
        <attacherJoint node="attacherJointBack" lowerRotationOffset="-1.17" upperRotationOffset="-5.47" moveTime="2.5" comboTime="1">
            <distanceToGround lower="0.36" upper="0.99" />
            <rotationNode node="attacherJointBackRot" lowerRotation="-14.5 0 0" upperRotation="22.5 0 0" />
            <rotationNode2 node="attacherJointBackRot2" />
            <bottomArm rotationNode="attacherJointBackArmBottom" translationNode="bottomLink" referenceNode="referencePointBackBottom" zScale="-1" startRotation="-15 0 0" />
            <topArm baseNode="attacherJointBackArmTop" filename="$data/shared/assets/upperLinks/walterscheid03.i3d" color="JOHNDEERE_GREEN1" color2="JOHNDEERE_GREEN1" zScale="-1" />
            <schema position="1 0" rotation="0" invertX="false" />
            <objectChange node="trailerAttacherNode" visibilityActive="false" visibilityInactive="true" />
        </attacherJoint>
        <attacherJoint node="trailerAttacherJointBack" jointType="trailer" lowerRotLimit="10 50 50" upperRotRotationOffset="0" allowsJointLimitMovement="false" comboTime="1">
            <distanceToGround lower="0.56" upper="1.06" />
            <transNode node="trailerAttacherNode" minY="0.56" maxY="1.065" />
            <schema position="1 0" rotation="0" invertX="false" />
            <objectChange node="trailerLowNode" visibilityActive="false"  visibilityInactive="true" />
        </attacherJoint>
        <attacherJoint node="trailerAttacherJointBackLow" jointType="trailerLow" lowerRotLimit="10 50 50" lowerTransLimit="0 0 0" upperRotRotationOffset="0" allowsJointLimitMovement="false" comboTime="1">
            <distanceToGround lower="0.55" upper="0.79" />
            <transNode node="trailerLowNode" minY="0.55" maxY="0.80" />
            <schema position="1 0" rotation="0" invertX="false" />
            <objectChange node="attacherJointBackArmBottom" rotationActive="30 0 0"  rotationInactive="-17 0 0" />
            <objectChange node="trailerAttacherNode" visibilityActive="false"  visibilityInactive="true" />
            <steeringBars leftNode="trailerSteeringLeftRef" rightNode="trailerSteeringRightRef" />
        </attacherJoint>
        <attacherJoint node="trailerAttacherJointFront" jointType="trailer" lowerRotLimit="10 50 50" lowerTransLimit="0 0 0" upperRotRotationOffset="0" allowsJointLimitMovement="false" comboTime="0">
            <schema position="1 0" rotation="0" invertX="true" />
        </attacherJoint>
		<attacherJoint node="attacherJointFront" upperRotationOffset="-10.16" moveTime="2.5" comboTime="0">
            <distanceToGround lower="0.32" upper="1.05" />
            <rotationNode node="attacherJointFrontRot" lowerRotation="22 0 0" upperRotation="-32 0 0" />
            <rotationNode2 node="attacherJointFrontRot2" />
            <bottomArm rotationNode="attacherJointFrontArmBottom" translationNode="bottomArmFront" referenceNode="referencePointFrontBottom" zScale="1" startRotation="-10 0 0"/>
            <topArm baseNode="attacherJointFrontArmTop" filename="$data/shared/assets/upperLinks/johnDeereUpperlink.i3d"  toggleVisibility="true"  zScale="1" color="JOHNDEERE_GREEN1"/>
            <schema position="1 0" rotation="0" invertX="true" />
            <objectChange node="bottomLinkFrontLeftPart" rotationActive="0 0 0" rotationInactive="-80 0 0"/>
            <objectChange node="bottomLinkFrontRightPart" rotationActive="0 0 0" rotationInactive="-80 0 0"/>
        </attacherJoint>  
		<sounds>
            <attach template="ATTACH_01" />
            <hydraulic template="DEFAULT_HYDRAULIC_SOUND" />
        </sounds>
    </attacherJoints>
    
	<connectionHoses>
        <target attacherJointIndices="1 2 3" type="airDoubleRed" node="airDoubleStorage"/>
        <target attacherJointIndices="1 2 3" type="airDoubleYellow" node="airDoubleControl"/>

        <target attacherJointIndices="1 2 3" type="electric" node="backElectric" socket="electric"/>
        


        <target attacherJointIndices="1 2 3" type="hydraulicIn" node="hydraulic01_in">
            <objectChange node="hydraulic01_in_cover" rotationActive="0 0 80" rotationInactive="0 0 0"/>
        </target>
        <target attacherJointIndices="1 2 3" type="hydraulicOut" node="hydraulic01_out">
            <objectChange node="hydraulic01_out_cover" rotationActive="0 0 -80" rotationInactive="0 0 0"/>
        </target>
        <target attacherJointIndices="1 2 3" type="hydraulicIn" node="hydraulic02_in">
            <objectChange node="hydraulic02_in_cover" rotationActive="0 0 80" rotationInactive="0 0 0"/>
        </target>
        <target attacherJointIndices="1 2 3" type="hydraulicOut" node="hydraulic02_out">
            <objectChange node="hydraulic02_out_cover" rotationActive="0 0 -80" rotationInactive="0 0 0"/>
        </target>
        <target attacherJointIndices="1 2 3" type="hydraulicIn" node="hydraulic03_in">
            <objectChange node="hydraulic03_in_cover" rotationActive="0 0 80" rotationInactive="0 0 0"/>
        </target>
        <target attacherJointIndices="1 2 3" type="hydraulicOut" node="hydraulic03_out">
            <objectChange node="hydraulic03_out_cover" rotationActive="0 0 -80" rotationInactive="0 0 0"/>
        </target>
        <target attacherJointIndices="1 2 3" type="hydraulicIn" node="hydraulic04_in">
            <objectChange node="hydraulic04_in_cover" rotationActive="0 0 80" rotationInactive="0 0 0"/>
        </target>
        <target attacherJointIndices="1 2 3" type="hydraulicOut" node="hydraulic04_out">
            <objectChange node="hydraulic04_out_cover" rotationActive="0 0 -80" rotationInactive="0 0 0"/>
        </target>
        <target attacherJointIndices="1 2 3" type="hydraulicIn" node="hydraulic07_in">
            <objectChange node="hydraulic05_in_cover" rotationActive="0 0 80" rotationInactive="0 0 0"/>
        </target>
        <target attacherJointIndices="1 2 3" type="hydraulicOut" node="hydraulic07_out">
            <objectChange node="hydraulic05_out_cover" rotationActive="0 0 -80" rotationInactive="0 0 0"/>
        </target>
		
		 
		
		
		<target attacherJointIndices="4 5" type="electric" node="frontElectric" socket="electric"/>
		<target attacherJointIndices="4 5" type="hydraulicIn" node="hydraulic06_in">
            <objectChange node="hydraulic06_in_cover" rotationActive="-80 180 0" rotationInactive="0 180 0"/>
        </target>
        <target attacherJointIndices="4 5" type="hydraulicOut" node="hydraulic06_out">
            <objectChange node="hydraulic06_out_cover" rotationActive="-80 180 0" rotationInactive="0 180 0"/>
        </target>
        <target attacherJointIndices="4 5" type="hydraulicIn" node="hydraulic07_in">
            <objectChange node="hydraulic07_in_cover" rotationActive="-80 180 0" rotationInactive="0 180 0"/>
        </target>
        <target attacherJointIndices="4 5" type="hydraulicOut" node="hydraulic07_out">
            <objectChange node="hydraulic07_out_cover" rotationActive="-80 180 0" rotationInactive="0 180 0"/>
        </target>  	
		
		
		<localHose>
            <hose type="hydraulicIn"  node="hoseStartNode05"  length="0.6" diameter="0.02" straighteningFactor="0.5" adapterType="NONE"/>
            <target attacherJointIndices="1" type="hydraulicIn" node="hoseEndNode05" length="1.5" straighteningFactor="0.2"/>
        </localHose>
        <localHose>
            <hose type="hydraulicIn"  node="hoseStartNode06"  length="0.3" diameter="0.02" straighteningFactor="0.5" adapterType="NONE"/>
            <target attacherJointIndices="1" type="hydraulicIn" node="hoseEndNode06" length="1.5" straighteningFactor="0.2"/>
        </localHose>
	</connectionHoses>
	
	
    <powerTakeOffs >
        <powerTakeOffConfigurations title="$l10n_configuration_Zubehoerkatalog3" >
            <powerTakeOffConfiguration  name="$l10n_configuration_valueDefault" price="0">
			<output outputNode="ptoBack" attacherJointIndices="1 2 3"/>
			<output attacherJointIndices="4 5" outputNode="ptoFront" />    
				
            </powerTakeOffConfiguration>
            
			
			
			
        </powerTakeOffConfigurations>
    </powerTakeOffs>
	
	<lights>
        <states>
            <state lightTypes="0"/>
            <state lightTypes="0 1"/>
            <state lightTypes="0 1 2"/>
        </states>
        <realLights>
            <low>
                <light node="frontLightLow"       lightTypes="0" excludedLightTypes="2 3" />
                <light node="workLightBackLow"    lightTypes="1"/>
                <light node="workLightFrontLow"   lightTypes="2"/>
                <light node="highBeamLow"         lightTypes="3" />
            </low>
            <high>
                <light node="frontLightHigh"       lightTypes="0" excludedLightTypes="2 3" />
                <light node="workLightBackHigh"    lightTypes="1"/>
                <light node="workLightFrontHigh"   lightTypes="2"/>
                <light node="highBeamHigh"         lightTypes="3"/>
                <light node="backLightsHigh"       lightTypes="0"/>
                <brakeLight node="backLightsHigh" />
                <turnLightLeft node="turnLightLeftFront" />
                <turnLightRight node="turnLightRightFront" />
            </high>
        </realLights>
		
		<sharedLight linkNode="sharedFrontLightleft"    lightTypes="0 3" filename="$data/shared/assets/lights/lizard/frontLightRectangle_02_left.xml" />
		<sharedLight linkNode="sharedFrontLightright"    lightTypes="0 3" filename="$data/shared/assets/lights/lizard/frontLightRectangle_02_right.xml" />
		
		<sharedLight linkNode="sharedBackLightleft"      filename="$data/shared/assets/lights/lizard/rear2ChamberLight_04_left.xml" />
		<sharedLight linkNode="sharedBackLightright"      filename="$data/shared/assets/lights/lizard/rear2ChamberLight_04_right.xml" />

	    
        <defaultLights>
            <defaultLight shaderNode="frontlightStatic"     lightTypes="0 3" />
            <defaultLight shaderNode="frontlightStatic2"     lightTypes="0 3" />
			
			<defaultLight shaderNode="worklightBackStatic"  lightTypes="1" />
            <defaultLight shaderNode="worklightBackStatic2"  lightTypes="1" />
						
			<defaultLight shaderNode="worklightFrontStatic" lightTypes="2" />
			<defaultLight shaderNode="worklightFrontStatic2" lightTypes="2" />
		</defaultLights>
		
		
		<beaconLights>
            <beaconLight node="LichtLinks" filename="$data/shared/assets/beaconLights/lizard/beaconLight03.xml"/> 
			<beaconLight node="HalterRechts" filename="$data/shared/assets/beaconLights/lizard/beaconLight03.xml"/>
        </beaconLights>
    
		<sounds>
            <switchLight template="SWITCH_01"  />
            <turnLight template="SWITCH_TURNLIGHT"  />
        </sounds>
		
		<dashboards>
            <dashboard displayType="EMITTER" valueType="lightState" node="Dashboard_decal" intensity="0.5"  lightTypes="0 1 2 3" groups="MOTOR_ACTIVE"/>
			<dashboard displayType="EMITTER" valueType="lightState" node="Dashboard_decal3" intensity="0.5"  lightTypes="0 1 2 3" groups="MOTOR_ACTIVE"/>
			<dashboard displayType="EMITTER" valueType="lightState" node="Dashboard_decal4" intensity="0.5"  lightTypes="2" groups="MOTOR_ACTIVE"/>
			<dashboard displayType="EMITTER" valueType="lightState" node="Dashboard_decal5" intensity="0.5"  lightTypes="3" groups="MOTOR_ACTIVE"/>
			<dashboard displayType="EMITTER" valueType="lightState" node="Dashboard_decal6" intensity="0.5"  lightTypes="0 1 2 3" groups="MOTOR_ACTIVE"/>
			<dashboard displayType="EMITTER" valueType="turnLightHazard" node="iconHazardDecal"               groups="MOTOR_ACTIVE"/>
			<dashboard displayType="EMITTER" valueType="turnLightLeft"   node="iconTurnRightDecal"             groups="MOTOR_ACTIVE"/>
            <dashboard displayType="EMITTER" valueType="turnLightRight"  node="iconTurnRightDecal2"            groups="MOTOR_ACTIVE"/>
			<dashboard displayType="EMITTER" valueType="lightState" node="TempNadel" intensity="0.5"  lightTypes="0 1 2 3" groups="MOTOR_ACTIVE"/>
			<dashboard displayType="EMITTER" valueType="lightState" node="SpritNadel" intensity="0.5"  lightTypes="0 1 2 3" groups="MOTOR_ACTIVE"/>
		</dashboards>
	
	
	</lights>
    <enterable>
        <exitPoint node="0>7"/>
        <enterReferenceNode node="0>"/>
        <characterNode node="player_skin" cameraMinDistance="1.5" spineRotation="-90 0 90">
            <target ikChain="rightFoot" targetNode="playerRightFootTarget" />
            <target ikChain="leftFoot"  targetNode="playerLeftFootTarget" />
            <target ikChain="rightArm" targetNode="0>13|0|1"/>
            <target ikChain="leftArm" targetNode="0>13|0|2"/>
        </characterNode>
        
		<characterTargetNodeModifier node="playerRightFootTarget" transitionTime="0.1" >
            <state node="playerRightFootTargetGas"   referenceNode="gasPedal" directionReferenceNode="playerRightFootTargetGasRef" />
            <state node="playerRightFootTargetBrake" referenceNode="brakePedal" />
        </characterTargetNodeModifier>
		
		<characterTargetNodeModifier node="0>13|0|1" transitionTime="0.2" >
            <state node="RefSchalthebelHand" referenceNode="Schalthebel" />
			
		</characterTargetNodeModifier>
		<!--characterTargetNodeModifier node="RefSchalthebelHand" transitionTime="0.2" >
            
			<state node="playerRightFootTargetJoystick" referenceNode="joystickFrontloader"/>
		</characterTargetNodeModifier-->
		
		
		<characterTargetNodeModifier node="playerLeftFootTarget" transitionTime="0.3" >
            <state node="playerLeftFootTargetClutch" referenceNode="clutchPedal" />
        </characterTargetNodeModifier>
		
		<mirrors>
            <mirror node="0>10|8" prio="1" />
            <mirror node="0>10|9" prio="1" />
        </mirrors>
		
		<cameras>
            <camera node="0>2|0|0" rotatable="true" rotateNode="0>2|0" limit="true" useWorldXZRotation="true" rotMinX="-1.4" rotMaxX="1" transMin="3.5" transMax="35"/>
            <camera node="indoorCamera" rotatable="true" limit="true" rotMinX="-1.1" rotMaxX="0.4" transMin="0" transMax="0" useMirror="true" isInside="true"/>
        </cameras>
    </enterable>
    <vehicleTypeConfigurations>
        <vehicleTypeConfiguration name="NormalerAuspuff" price="0" vehicleType="JD6350">
            <objectChange node="0>22|0|12" visibilityActive="false"/>            
			<objectChange node="0>16" visibilityActive="true"/>
			<objectChange node="0>22|0|12|0" visibilityActive="false"/>
			
			<objectChange node="0>22|0|11" visibilityActive="true"/>            
	   </vehicleTypeConfiguration>
        <vehicleTypeConfiguration name="Klappenauspuff" price="2000" vehicleType="JD6350">
            <objectChange node="0>22|0|12" visibilityActive="true"/>
        	<objectChange node="0>16" visibilityActive="false"/>
			<objectChange node="0>22|0|12|0" visibilityActive="true"/>
			<objectChange node="0>22|0|11" visibilityActive="false"/>            
		</vehicleTypeConfiguration>
    </vehicleTypeConfigurations>
	<motorized>
        <motorConfigurations>
            <motorConfiguration name="3050" hp="92"  price="0">
                <motor torqueScale="0.566" minRpm="1000" maxRpm="2200" maxForwardSpeed="43" maxBackwardSpeed="15" brakeForce="4.5" lowBrakeForceScale="0.22" lowBrakeForceSpeedLimit="1" rotInertia="0.001">
                    <torque normRpm="0.45" torque="0.9"/>
                    <torque normRpm="0.5" torque="0.97"/>
                    <torque normRpm="0.59" torque="1"/>
                    <torque normRpm="0.72" torque="1"/>
                    <torque normRpm="0.86" torque="0.88"/>
                    <torque normRpm="1" torque="0.72"/>
                </motor>
                <transmission minForwardGearRatio="19.6" maxForwardGearRatio="250" minBackwardGearRatio="40" maxBackwardGearRatio="250"/>
                <objectChange node="0>22|5|2" visibilityActive="true"/>
                <objectChange node="0>22|5|0" visibilityActive="false"/>
            </motorConfiguration>
            
			<motorConfiguration name="3350" hp="100" price="1500">
                <motor torqueScale="0.586" minRpm="1000" maxRpm="2200" maxForwardSpeed="43" maxBackwardSpeed="15" brakeForce="4.5" lowBrakeForceScale="0.22" lowBrakeForceSpeedLimit="1" rotInertia="0.001">
                    <torque normRpm="0.45" torque="0.9"/>
                    <torque normRpm="0.5" torque="0.97"/>
                    <torque normRpm="0.59" torque="1"/>
                    <torque normRpm="0.72" torque="1"/>
                    <torque normRpm="0.86" torque="0.88"/>
                    <torque normRpm="1" torque="0.72"/>
                </motor>
                <transmission minForwardGearRatio="19.6" maxForwardGearRatio="250" minBackwardGearRatio="40" maxBackwardGearRatio="250"/>
                <objectChange node="0>22|5|1" visibilityActive="true"/>
                <objectChange node="0>22|5|0" visibilityActive="false"/>
            </motorConfiguration>
            					
			<motorConfiguration name="3650" hp="116" price="3500">
                <motor torqueScale="0.646" minRpm="1000" maxRpm="2200" maxForwardSpeed="43" maxBackwardSpeed="15" brakeForce="4.5" lowBrakeForceScale="0.22" lowBrakeForceSpeedLimit="1" rotInertia="0.001">
                    <torque normRpm="0.45" torque="0.9"/>
                    <torque normRpm="0.5" torque="0.97"/>
                    <torque normRpm="0.59" torque="1"/>
                    <torque normRpm="0.72" torque="1"/>
                    <torque normRpm="0.86" torque="0.88"/>
                    <torque normRpm="1" torque="0.72"/>
                </motor>
                <transmission minForwardGearRatio="19.6" maxForwardGearRatio="250" minBackwardGearRatio="40" maxBackwardGearRatio="250"/>
            </motorConfiguration>
		</motorConfigurations>
        <differentialConfigurations>
            <differentialConfiguration>
                <differentials>
                    <differential torqueRatio="0.5" maxSpeedRatio="1.8" wheelIndex1="1" wheelIndex2="2"/>
                    <differential torqueRatio="0.5" maxSpeedRatio="1.8" wheelIndex1="3" wheelIndex2="4"/>
                    <differential torqueRatio="0.5" maxSpeedRatio="1.8" differentialIndex1="1" differentialIndex2="2"/>
                </differentials>
            </differentialConfiguration>
        </differentialConfigurations>
        <exhaustEffects>
            <exhaustEffect node="0>16" filename="$data/particleSystems/shared/exhaust.i3d" minRpmColor="0.0 0.0 0.0 0.8" maxRpmColor="0.0 0.0 0.0 4.0" minRpmScale="0.05" maxRpmScale="0.5"  xzRotationsOffset="0 0" xzRotationsForward="-250 0" xzRotationsBackward="50 0" xzRotationsLeft="0 100" xzRotationsRight="0 -100"/>
			<exhaustEffect node="0>22|0|12|0" filename="$data/particleSystems/shared/exhaust.i3d"  minRpmColor="0.0 0.0 0.0 0.8" maxRpmColor="0.0 0.0 0.0 4.0" minRpmScale="0.05" maxRpmScale="0.5"  xzRotationsOffset="0 0" xzRotationsForward="-250 0" xzRotationsBackward="50 0" xzRotationsLeft="0 100" xzRotationsRight="0 -100"/>
		</exhaustEffects>
        <exhaustFlap node="exhaustflap" maxRot="88"/>
		<motorStartDuration>3500</motorStartDuration>
        
		<sounds externalSoundFile="sounds/new_holland_8340.xml"/>
		<consumerConfigurations>
            <consumerConfiguration>
                <consumer fillUnitIndex="1" usage="44"  fillType="diesel" />  <!-- usage is per hour at max load and max rpm -->
            </consumerConfiguration>
        </consumerConfigurations>
		<dashboards>
		
			<dashboard displayType="ANIMATION" valueType="motorTemperature" animName="tempDisplay"  minValueAnim="20" maxValueAnim="120" groups="MOTOR_ACTIVE"/>
			<dashboard displayType="NUMBER" valueType="speed" numbers="numbersSpeed" precision="1" groups="MOTOR_ACTIVE"/>
		</dashboards>
	
	</motorized>
    
	
	
	
	
	<drivable>
        <steeringWheel node="0>13|0" indoorRotation="540" outdoorRotation="30"/>
		
		<dashboards>
            <dashboard displayType="ROT"     	valueType="accelerationAxis" node="gasPedal"   	minRot="0 0 0" 	maxRot="-15 0 0" 	doInterpolation="true" groups="MOTOR_ACTIVE"/>
            <dashboard displayType="ROT"     	valueType="decelerationAxis" node="brakePedal" 	minRot="0 0 0" 	maxRot="-20 0 0" 	doInterpolation="true" groups="MOTOR_ACTIVE"/>
            <dashboard displayType="ROT" 		valueType="decelerationAxis" node="clutchPedal" minRot="0 0 0" 	maxRot="-20 0 0" 	doInterpolation="true" groups="MOTOR_ACTIVE"/> 
			<dashboard displayType="ANIMATION" 	valueType="movingDirection" 	animName="movingDirectionAnim" doInterpolation="true" interpolationSpeed="0.01" groups="MOTOR_ACTIVE"/>			
        </dashboards>
		
	</drivable>
	<cylindered>
        <movingTools>
            <movingTool node="attacherJointBackArmBottom">
                <dependentPart node="mainArm" />
            </movingTool>
			
			
			
		</movingTools>
	    <movingParts>
            
			<movingPart node="bottomArmFrontHydraulic" referencePoint="bottomArmFrontHydraulicRef" referenceFrame="bottomArmFrontHydraulicRef" isActiveDirty="true">
                <translatingPart node="bottomArmFrontHydraulicPunch" />
            </movingPart> 
			
			
           <movingPart node="mainArm" referencePoint="mainArmRef" localReferencePoint="mainArmPart" referenceFrame="mainArmRefFrame" >
                <dependentPart node="mainArmPart" />
            </movingPart>
            <movingPart node="mainArmPart" referencePoint="mainArmRef" referenceFrame="mainArmRef" >
                <dependentPart node="backLeftHydraulic" />
                <dependentPart node="backRightHydraulic" />
                <dependentPart node="bottomLinkLeft" />
                <dependentPart node="bottomLinkRight" />
            </movingPart>
            <movingPart node="backLeftHydraulic" referencePoint="backLeftHydraulicRef" referenceFrame="backLeftHydraulicRef" >
                <translatingPart node="backLeftHydraulicPunch" />
            </movingPart>
            <movingPart node="backRightHydraulic" referencePoint="backRightHydraulicRef" referenceFrame="backRightHydraulicRef" >
                <translatingPart node="backRightHydraulicPunch" />
            </movingPart>
            <movingPart node="bottomLinkLeft" referencePoint="bottomLinkLeftRef" referenceFrame="bottomLinkLeftRef" />
            <movingPart node="bottomLinkRight" referencePoint="bottomLinkRightRef" referenceFrame="bottomLinkRightRef" />
			<movingPart node="frontAxisLeftHydraulic" referencePoint="frontAxisLeftHydraulicRef" referenceFrame="frontAxisLeftHydraulicRef" isActiveDirty="true">
                <translatingPart node="frontAxisLeftHydraulicPunch" />
            </movingPart>
            <movingPart node="frontAxisRightHydraulic" referencePoint="frontAxisRightHydraulicRef" referenceFrame="frontAxisRightHydraulicRef" isActiveDirty="true">
                <translatingPart node="frontAxisRightHydraulicPunch" />
            </movingPart>
            <movingPart node="frontAxisStabi" referencePoint="frontAxisStabiRef" referenceFrame="frontAxisStabiRef" isActiveDirty="true"/>
			<movingPart node="steeringBarFrontLeft" referencePoint="steeringBarFrontLeftRef" referenceFrame="steeringBarFrontLeftRef" scaleZ="true" isActiveDirty="true" />
            <movingPart node="steeringBarFrontRight" referencePoint="steeringBarFrontRightRef" referenceFrame="steeringBarFrontRightRef" scaleZ="true" isActiveDirty="true" />
			
			<movingPart node="seatRubber" referencePoint="seatRubberRef" referenceFrame="seatRubberRef"    isActiveDirty="true" scaleZ="true"/>
			
			
        </movingParts>
	    <sounds>
            <hydraulic template="DEFAULT_HYDRAULIC_SOUND" />
        </sounds>
		<dashboards>
            <dashboard displayType="ROT" valueType="movingTool" node="joystickFrontloader" rotAxis="1" minRot="-20" maxRot="20" axis="AXIS_FRONTLOADER_ARM"  attacherJointIndex="6" doInterpolation="true" groups="MOTOR_ACTIVE"/>
            <dashboard displayType="ROT" valueType="movingTool" node="joystickFrontloader" rotAxis="3" minRot="-20" maxRot="20" axis="AXIS_FRONTLOADER_TOOL" attacherJointIndex="6" doInterpolation="true" groups="MOTOR_ACTIVE"/>
        </dashboards>
	</cylindered>
	<animations>
        <animation name="doorL">
			<part node="0>22|2|3" startTime="0" duration="2" startRot="0 0 0" endRot="-20 75 -18"/>
        </animation>
		<animation name="topWindow">
			<part node="0>22|2|2" startTime="0" duration="2" startRot="0 0 0" endRot="25 0 0"/>
        </animation>
                            <animation name="leftWindow">
			<part node="0>22|2|0" startTime="0" duration="2" startRot="0 0 0" endRot="0 8 0"/>
                                          <part node="0>22|2|0|1" startTime="0" duration="1" startTrans="0 0 0" endTrans="0 0 0" startRot="0 0 0" endRot="0 0 -45"/>
        </animation>
                            <animation name="rightWindow">
			<part node="0>22|2|1" startTime="0" duration="2" startRot="0 0 0" endRot="0 -8 0"/>
                                          <part node="0>22|2|1|1" startTime="0" duration="1" startTrans="0 0 0" endTrans="0 0 0" startRot="0 0 0" endRot="0 0 45"/>
        </animation>
                            <animation name="backWindow">
			<part node="0>22|2|4" startTime="0" duration="2" startRot="0 0 0" endRot="55 0 0"/>
        </animation>
		
		
		<animation name="movingDirectionAnim" >
            <!--part node="Schalthebel" startTime="0.0" endTime="0.4" startRot="-20 0 -17.304" endRot="-42 0 -17.304" />
			
            <part node="Schalthebel" startTime="0.4" endTime="0.6" startRot="-20 0 0" endRot="-20 0 -17.304" />
            <part node="Schalthebel" startTime="0.6" endTime="1.0" startRot="0 0 0" endRot="-20 0 0" /-->
            
			<part node="Schalthebel" startTime="0.0" endTime="0.4" startRot="-42 0 -17.304" endRot="-20 0 -17.304" />
            <part node="Schalthebel" startTime="0.4" endTime="0.6" startRot="-20 0 -17.304" endRot="-20 0 0" />
            <part node="Schalthebel" startTime="0.6" endTime="1.0" startRot="-20 0 0" endRot="0 0 0" />
            
			
			
        </animation>
		
		
		
		<animation name="tempDisplay">
            <part node="TempNadel" startTime="0" endTime="0.27" startRot="0 0 0" endRot="0 0 0"/>
            <part node="TempNadel" startTime="0.27" endTime="1" startRot="0 0 0" endRot="0 -85 0"/>
        </animation>
		
		<animation name="fuelDisplay">
            <part node="SpritNadel" startTime="0" endTime="1" startRot="0 0 0" endRot="0 -97 0"/>
        </animation>
	</animations>
    
	<interactiveComponents>
		<windows>
			<window name="doorL"    	mark="0>22|2|3|1" size="0.2" animName="doorL" onMessage="ic_component_open" offMessage="ic_component_close"/>
			<window name="topWindow"   mark="0>22|2|2|1" size="0.2" animName="topWindow" onMessage="ic_component_open" offMessage="ic_component_close"/>
            <window name="leftWindow"   mark="0>22|2|0|1|0" size="0.2" animName="leftWindow" onMessage="ic_component_open" offMessage="ic_component_close"/>
            <window name="rightWindow"   mark="0>22|2|1|1|0" size="0.2" animName="rightWindow" onMessage="ic_component_open" offMessage="ic_component_close"/>
            <window name="backWindow"   mark="0>22|2|4|1" size="0.2" animName="backWindow" onMessage="ic_component_open" offMessage="ic_component_close"/>
		</windows>
	</interactiveComponents>
	
	
	<fillUnit>
        <fillUnitConfigurations>
            <fillUnitConfiguration>
                <fillUnits>
                    <fillUnit unit="$l10n_unit_literShort" showOnHud="false" showInShop="false" fillTypes="diesel" capacity="290" >
					<dashboard displayType="ANIMATION" valueType="fillLevel" animName="fuelDisplay" groups="MOTOR_ACTIVE"/>
					
					</fillUnit>
					<fillUnit capacity="58" unit="$l10n_unit_literShort" fillTypes="def" showOnHud="false" showInShop="false"/>
                </fillUnits>
            </fillUnitConfiguration>
        </fillUnitConfigurations>
    </fillUnit>
    <washable dirtDuration="50" washDuration="1" workMultiplier="4"/>
    <frontloaderConfigurations>
        <frontloaderConfiguration name="$l10n_ui_no" price="0">
            <objectChange node="0>22|0|18|0" visibilityActive="false" visibilityInactive="true"/>
			<objectChange node="joystickFrontloader" visibilityActive="false" visibilityInactive="true"/>
		</frontloaderConfiguration>
        <frontloaderConfiguration name="$l10n_ui_yes" price="800" icon="$dataS2/menu/hud/configurations/config_loader.png">
            <attacherJoint node="0>22|0|18|0|0" jointType="attachableFrontloader" lowerRotLimit="0 0 0" lowerTransLimit="0 0 0" moveTime="2">
                <rotationNode upperRotation="0 0 0" lowerRotation="0 0 0"/>
                <schema position="0 0.4" rotation="0" invertX="true"/>
            </attacherJoint>
            <objectChange node="0>22|0|18|0" visibilityActive="true" visibilityInactive="false"/>
			<objectChange node="joystickFrontloader" visibilityActive="true" visibilityInactive="false"/>
		</frontloaderConfiguration>
    </frontloaderConfigurations>
	<honk>
        <sound template="HONK_JD6145M"/>
    </honk>
    <ai>
        <collisionTrigger node="0>15"/>
    </ai>
	
	<foliageBending>
        <bendingNode minX="-1.05" maxX="1.05" minZ="0.75" maxZ="2.05"  yOffset="0.6" />
        <bendingNode minX="-1.05" maxX="1.05" minZ="-2.15" maxZ="-0.3" yOffset="0.6" />
        <bendingNode minX="-1.05" maxX="1.05" minZ="-0.3" maxZ="0.75" yOffset="0.6" />
    </foliageBending>
	

	<ZylinderV2> 
		
		<Zylinder count="4" >
			<Zylinder1 dir1="0>22|2|4|2" dir2="0>22|6|0|0" />
			<Zylinder2 dir1="0>22|2|4|3" dir2="0>22|6|1|0" />
			<Zylinder3 dir1="0>22|2|2|2" dir2="0>22|6|2|0" />
			<Zylinder4 dir1="0>22|2|2|3" dir2="0>22|6|3|0" />
		</Zylinder>
	</ZylinderV2>



	<suspensions>
        <suspension node="seat"    weight="150" minTranslation="-0.05 -0.15 0.0" maxTranslation="0.05 0.15 0.0" suspensionParametersX="20 4" suspensionParametersY="5 1" suspensionParametersZ="20 4" />
        <suspension useCharacterTorso="true" weight="90" minRotation="0 -5 -5" maxRotation="0 5 5" suspensionParametersY="7 1" suspensionParametersZ="7 1" />
    </suspensions>
	
	<dashboard>
        <groups>
            <group name="MOTOR_STARTING" isMotorStarting="true"/>
            <group name="MOTOR_ACTIVE"   isMotorStarting="true" isMotorRunning="true"/>
        </groups>
		
		<default>
            <dashboard displayType="EMITTER" node="startingDecal2"  intensity="1" groups="MOTOR_STARTING"/>
			
		</default>
		
	</dashboard>
	
	<designConfigurations>
        <designConfiguration name="Ohne Rundumleuchte" price="0">
			<objectChange node="HalterLinks" visibilityActive="false"/>
			<objectChange node="LichtLinks" visibilityActive="false"/>
			<objectChange node="HalterRechts" visibilityActive="false"/>
			<objectChange node="LichtRechts" visibilityActive="false"/>
		</designConfiguration>
        <designConfiguration name="Mit Rundumleuchte" price="50">
            <objectChange node="HalterLinks" visibilityActive="true"/>
			<objectChange node="LichtLinks" visibilityActive="true"/>
			<objectChange node="HalterRechts" visibilityActive="false"/>
			<objectChange node="LichtRechts" visibilityActive="false"/>
        </designConfiguration>
		<designConfiguration name="Mit 2 Rundumleuchten" price="90">
            <objectChange node="HalterLinks" visibilityActive="true"/>
			<objectChange node="LichtLinks" visibilityActive="true"/>
			<objectChange node="HalterRechts" visibilityActive="true"/>
			<objectChange node="LichtRechts" visibilityActive="true"/>
        </designConfiguration>
	</designConfigurations>
	
	
	<i3dMappings>
	
		<i3dMapping id="frontWheelLeftRepr" node="1>2" />
        <i3dMapping id="frontWheelLeftDriveNode" node="1>2|0|0" />
		<i3dMapping id="frontWheelRightRepr" node="1>1" />
        <i3dMapping id="frontWheelRightDriveNode" node="1>1|0|0" />
		
		<i3dMapping id="HalterLinks" node="0>22|9" />
		<i3dMapping id="LichtLinks" node="0>18|4|2|0" />
		<i3dMapping id="HalterRechts" node="0>18|4|2|1" />
		<i3dMapping id="LichtRechts" node="0>22|12" />
		
		
		
		<i3dMapping id="wheelBackLeft" node="0>3|2|1" />
        <i3dMapping id="wheelBackRight" node="0>3|2|2" />
		
		
		<i3dMapping id="attacherJointBackRot" node="0>27|5|3|0|0" />
		<i3dMapping id="attacherJointBackRot2" node="0>27|5|3|0|0|0" />
		<i3dMapping id="attacherJointBack" node="0>27|5|3|0|0|0|0" />
		<i3dMapping id="attacherJointBackArmBottom" node="0>27|5|3|0|1" />
		<i3dMapping id="bottomLink" node="0>27|5|3|0|1|0" />
		<i3dMapping id="referencePointBackBottom" node="0>27|5|3|0|1|0|0" />
		<i3dMapping id="mainArmRef" node="0>27|5|3|0|1|0|1" />
		<i3dMapping id="bottomLinkLeftRef" node="0>27|5|3|0|1|0|2" />
		<i3dMapping id="bottomLinkRightRef" node="0>27|5|3|0|1|0|3" />
		<i3dMapping id="attacherJointBackArmTop" node="0>27|5|3|0|2" />
		<i3dMapping id="trailerAttacherNode" node="0>27|5|3|1|0" />
		<i3dMapping id="trailerAttacherJointBack" node="0>27|5|3|1|0|0" />
		<i3dMapping id="trailerLowNode" node="0>27|5|3|1|1" />
		<i3dMapping id="trailerAttacherJointBackLow" node="0>27|5|3|1|1|0" />
		<i3dMapping id="trailerSteeringLeftRef" node="0>27|5|3|1|1|1" />
		<i3dMapping id="trailerSteeringRightRef" node="0>27|5|3|1|1|2" />
		<i3dMapping id="trailerLowNodePart1" node="0>27|5|3|1|1|3" />
		<i3dMapping id="trailerAttacherJointFront" node="0>27|5|3|1|2" />
		<i3dMapping id="ptoBack" node="0>27|5|3|2|0" />
        
		
		<i3dMapping id="hydraulic01" node="0>27|5|7|0" />
		  <i3dMapping id="hydraulic01_in" node="0>27|5|7|0|0" />
		  <i3dMapping id="hydraulic01_in_cover" node="0>27|5|7|0|0|0" />
		  <i3dMapping id="hydraulic01_out" node="0>27|5|7|0|1" />
		  <i3dMapping id="hydraulic01_out_cover" node="0>27|5|7|0|1|0" />
		  <i3dMapping id="hydraulic02" node="0>27|5|7|1" />
		  <i3dMapping id="hydraulic02_in" node="0>27|5|7|1|0" />
		  <i3dMapping id="hydraulic02_in_cover" node="0>27|5|7|1|0|0" />
		  <i3dMapping id="hydraulic02_out" node="0>27|5|7|1|1" />
		  <i3dMapping id="hydraulic02_out_cover" node="0>27|5|7|1|1|0" />
		  <i3dMapping id="hydraulic03" node="0>27|5|7|2" />
		  <i3dMapping id="hydraulic03_in" node="0>27|5|7|2|0" />
		  <i3dMapping id="hydraulic03_in_cover" node="0>27|5|7|2|0|0" />
		  <i3dMapping id="hydraulic03_out" node="0>27|5|7|2|1" />
		  <i3dMapping id="hydraulic03_out_cover" node="0>27|5|7|2|1|0" />
		  <i3dMapping id="hydraulic04" node="0>27|5|7|3" />
		  <i3dMapping id="hydraulic04_in" node="0>27|5|7|3|0" />
		  <i3dMapping id="hydraulic04_in_cover" node="0>27|5|7|3|0|0" />
		  <i3dMapping id="hydraulic04_out" node="0>27|5|7|3|1" />
		  <i3dMapping id="hydraulic04_out_cover" node="0>27|5|7|3|1|0" />
		  <i3dMapping id="hydraulic05" node="0>27|5|7|4" />
		  <i3dMapping id="hydraulic05_in" node="0>27|5|7|4|0" />
		  <i3dMapping id="hydraulic05_in_cover" node="0>27|5|7|4|0|0" />
		  <i3dMapping id="hydraulic05_out" node="0>27|5|7|4|1" />
		  <i3dMapping id="hydraulic05_out_cover" node="0>27|5|7|4|1|0" />
		  <i3dMapping id="airDoubleStorage" node="0>27|5|7|5|0" />
		  <i3dMapping id="airDoubleControl" node="0>27|5|7|5|1" />
		  <i3dMapping id="backElectric" node="0>27|5|7|6" />
	
		<i3dMapping id="mainArmRefFrame" node="0>27|5|4|7" />
		  <i3dMapping id="mainArm" node="0>27|5|4|8" />
		  <i3dMapping id="mainArmPart" node="0>27|5|4|8|0" />
		  <i3dMapping id="mainArmPartRight" node="0>27|5|4|8|0|0" />
		  <i3dMapping id="mainArmPartLeft" node="0>27|5|4|8|0|1" />
		  <i3dMapping id="backLeftHydraulicRef" node="0>27|5|4|8|1" />
		  <i3dMapping id="backRightHydraulicRef" node="0>27|5|4|8|2" />
		  <i3dMapping id="backLeftHydraulic" node="0>27|5|4|9" />
		  <i3dMapping id="backLeftHydraulicPunch" node="0>27|5|4|9|0" />
		  <i3dMapping id="backRightHydraulic" node="0>27|5|4|10" />
		  <i3dMapping id="backRightHydraulicPunch" node="0>27|5|4|10|0" />
		  <i3dMapping id="bottomLinkLeft" node="0>27|5|4|11" />
		  <i3dMapping id="bottomLinkRight" node="0>27|5|4|12" />
	
		<i3dMapping id="frontAxisJoint" node="0>27|0|0" />
		<i3dMapping id="frontAxisLeftHydraulic" node="0>27|0|1" />
		<i3dMapping id="frontAxisLeftHydraulicPunch" node="0>27|0|1|0" />
		<i3dMapping id="frontAxisRightHydraulic" node="0>27|0|2" />
		<i3dMapping id="frontAxisRightHydraulicPunch" node="0>27|0|2|0" />
		<i3dMapping id="axisFrontChainsRight" node="0>27|0|3" />
		<i3dMapping id="axisFrontChainsRightRef" node="0>27|0|3|0" />
		<i3dMapping id="axisFrontChainsLeft" node="0>27|0|4" />
		<i3dMapping id="axisFrontChainsLeftRef" node="0>27|0|4|0" />
		<i3dMapping id="frontAxisStabi" node="0>27|0|5" />
		<i3dMapping id="axisFrontPtoPart" node="0>27|0|6" />
		<i3dMapping id="axisFrontPtoPartRef" node="0>27|0|6|0" />
	
	
		<i3dMapping id="m6145_frontaxis_component2" node="1>" />
		<i3dMapping id="axisFront" node="1>0" />
		<i3dMapping id="axisFrontLeft" node="1>0|0|0" />
		<i3dMapping id="wheelFrontLeft" node="1>0|0|0|0|0" />
		<i3dMapping id="steeringBarFrontLeft" node="1>0|0|0|1" />
		<i3dMapping id="fenderFrontLeftScale" node="1>0|0|0|2" />
		<i3dMapping id="fenderFrontLeft" node="1>0|0|0|2|0|0" />
		<i3dMapping id="ptoPartFrontLeft" node="1>0|0|0|4|0" />
  
		<i3dMapping id="axisFrontRight" node="1>0|1|0" />
		<i3dMapping id="wheelFrontRight" node="1>0|1|0|0|0" />
		<i3dMapping id="steeringBarFrontRight" node="1>0|1|0|1" />
		<i3dMapping id="fenderFrontRightScale" node="1>0|1|0|2" />
		<i3dMapping id="fenderFrontRight" node="1>0|1|0|2|0|0" />
		<i3dMapping id="ptoPartFrontRight" node="1>0|1|0|4|0" />
  
		<i3dMapping id="steeringBar" node="1>0|2" />
		<i3dMapping id="steeringBarFrontLeftRef" node="1>0|2|0" />
		<i3dMapping id="steeringBarFrontRightRef" node="1>0|2|1" />
		<i3dMapping id="frontAxisLeftHydraulicRef" node="1>0|3" />
		<i3dMapping id="frontAxisRightHydraulicRef" node="1>0|4" />
		<i3dMapping id="frontAxisStabiRef" node="1>0|5" />
	
		<i3dMapping id="attacherJointFrontRot" node="0>4|1|0" />
		<i3dMapping id="attacherJointFrontRot2" node="0>4|1|0|0" />
		<i3dMapping id="attacherJointFront" node="0>4|1|0|0|0" />
		<i3dMapping id="attacherJointFrontArmBottom" node="0>4|1|1" />
		<i3dMapping id="bottomArmFront" node="0>4|1|1|0" />
		<i3dMapping id="referencePointFrontBottom" node="0>4|1|1|0|0" />
		<i3dMapping id="bottomLinkFrontLeftPartRot" node="0>4|1|1|0|1" />
		<i3dMapping id="bottomLinkFrontLeftPart" node="0>4|1|1|0|1|0" />
		<i3dMapping id="bottomLinkFrontRightPartRot" node="0>4|1|1|0|2" />
		<i3dMapping id="bottomLinkFrontRightPart" node="0>4|1|1|0|2|0" />
		<i3dMapping id="bottomArmFrontHydraulicRef" node="0>4|1|1|0|3" />
		<i3dMapping id="attacherJointFrontArmTop" node="0>4|1|2" />
  
		<i3dMapping id="bottomArmFrontHydraulic" node="0>4|2|0" />
		<i3dMapping id="bottomArmFrontHydraulicPunch" node="0>4|2|0|0" />
  

		<i3dMapping id="frontElectric" node="0>4|3|0" />
		<i3dMapping id="hydraulic06" node="0>4|3|1" />
		<i3dMapping id="hydraulic06_in" node="0>4|3|1|0" />
		<i3dMapping id="hydraulic06_in_cover" node="0>4|3|1|0|0" />
		<i3dMapping id="hydraulic06_out" node="0>4|3|1|1" />
		<i3dMapping id="hydraulic06_out_cover" node="0>4|3|1|1|0" />
		<i3dMapping id="hydraulic07" node="0>4|3|2" />
		<i3dMapping id="hydraulic07_in" node="0>4|3|2|0" />
		<i3dMapping id="hydraulic07_in_cover" node="0>4|3|2|0|0" />
		<i3dMapping id="hydraulic07_out" node="0>4|3|2|1" />
		<i3dMapping id="hydraulic07_out_cover" node="0>4|3|2|1|0" />
		<i3dMapping id="ptoFront" node="0>4|4|0" />
	
		<i3dMapping id="frontLightLow" node="0>18|0|0" />
        <i3dMapping id="highBeamLow" node="0>18|0|1" />
        <i3dMapping id="frontLightHigh" node="0>18|0|2" />
        <i3dMapping id="highBeamHigh" node="0>18|0|3" />
        <i3dMapping id="workLightBackHigh" node="0>18|1|0" />
        <i3dMapping id="workLightFrontHigh" node="0>18|1|1" />
        <i3dMapping id="workLightFrontLow" node="0>18|1|2" />
        <i3dMapping id="workLightBackLow" node="0>18|1|3" />
        <i3dMapping id="backLightsHigh" node="0>18|2|0" />
        <i3dMapping id="turnLightLeftFront" node="0>18|3|0" />
        <i3dMapping id="turnLightLeftBack" node="0>18|3|0|0" />
        <i3dMapping id="turnLightRightFront" node="0>18|3|1" />
        <i3dMapping id="turnLightRightBack" node="0>18|3|1|0" />
	
		<i3dMapping id="frontlightStatic" node="0>18|5|0|0|1" />
        <i3dMapping id="frontlightStatic2" node="0>18|5|0|1|1" />
	
		<i3dMapping id="worklightBackStatic" node="0>18|5|1|1|0|1" />
        <i3dMapping id="worklightBackStatic2" node="0>18|5|1|1|1|1" />
	
		<i3dMapping id="worklightFrontStatic" node="0>18|5|1|0|0|1" />
        <i3dMapping id="worklightFrontStatic2" node="0>18|5|1|0|1|1" />
		
		<i3dMapping id="sharedFrontLightleft" node="0>18|4|0|0|0" />
		<i3dMapping id="sharedFrontLightright" node="0>18|4|0|0|1" />
		
		<i3dMapping id="sharedBackLightleft" node="0>18|4|1|0|0" />
		<i3dMapping id="sharedBackLightright" node="0>18|4|1|0|1" />
		
		<i3dMapping id="player_skin" node="0>8|0" />
        <i3dMapping id="seat" node="0>8" />
		<i3dMapping id="seatRubberRef" node="0>8|3" />
		<i3dMapping id="seatRubber" node="0>8|4" />
		<i3dMapping id="indoorCamera" node="0>8|2|0" />
		
		<i3dMapping id="Dashboard_decal" node="0>10|0" />
		
		<i3dMapping id="Dashboard_decal3" node="0>10|1" />
		
		<i3dMapping id="Dashboard_decal4" node="0>10|2" />
		<i3dMapping id="Dashboard_decal5" node="0>10|3" />
		<i3dMapping id="Dashboard_decal6" node="0>22|2|5|1" />
		<i3dMapping id="startingDecal2" node="0>10|7|1"/>
		<i3dMapping id="iconHazardDecal" node="0>10|6" />
		<i3dMapping id="iconTurnRightDecal" node="0>10|4" />
        <i3dMapping id="iconTurnRightDecal2" node="0>10|5" />
		<i3dMapping id="numbersSpeed" node="0>22|2|5|0" />
		<i3dMapping id="SpritNadel" node="0>22|2|6|0" />
		<i3dMapping id="TempNadel" node="0>22|2|7|0" />
		
		<i3dMapping id="gasPedal" node="0>22|2|8|0|0" />
		<i3dMapping id="playerRightFootTargetGasRef" node="0>22|2|8|0|0|0" />
		<i3dMapping id="brakePedal" node="0>22|2|8|0|1" />
		<i3dMapping id="playerRightFootTargetBrake" node="0>22|2|8|0|1|0" />
		<i3dMapping id="playerLeftFootTarget" node="0>22|2|8|1|0" />
		<i3dMapping id="playerRightFootTarget" node="0>22|2|8|1|1" />
		<i3dMapping id="playerRightFootTargetGas" node="0>22|2|8|1|2" />
		
		
		
		
		<i3dMapping id="hoseEndNode06" node="1>0|8|1" />
        <i3dMapping id="hoseEndNode05" node="1>0|8|0" />
		<i3dMapping id="hoseStartNode06" node="0>14|1" />
        <i3dMapping id="hoseStartNode05" node="0>14|0" />
		
		<i3dMapping id="exhaustflap" node="0>22|0|12|1|0|0" />
		
		<i3dMapping id="Schalthebel" node="0>11|5" />
		<i3dMapping id="RefSchalthebelHand" node="0>11|5|0" />
		
		
		<i3dMapping id="clutchPedal" node="0>22|2|8|0|2" />
		<i3dMapping id="playerLeftFootTargetClutch" node="0>22|2|8|0|2|0" />
		<i3dMapping id="joystickFrontloader" node="0>11|6" />
		<i3dMapping id="playerRightFootTargetJoystick" node="0>11|6|0" />
	</i3dMappings>
</vehicle>
